path,bytes,sha256
CHANGELOG.md,4064,199cd3af73d80bdd24709a9b9b4124f53553515929fca8a113c5de2213194e3e
README.md,1630,1ca67c2f40726dd95630adccf35bf6f85fb6b614f1318064633f352878cf4d4e
SKILL.md,28584,948d3ae711c161acdb2db97b978991013f682ef547e0421317781fbd51ac8206
SPLIT_POLICY.md,844,54be8fa83b3455b032ec0e884f5768394a40c07f797347895a7574823809bd28
examples/compiled-prompt-example.md,2280,df33c4115adab01e03f1dbb9866e1c54cac73493609c85134b3e092492f765ea
examples/great-wall-stress-test.md,5219,71275bbcf47063e1d695c94f740b98d6965d598e46c8bb83e7633ac8554643a4
examples/sample-decision-ledger.md,947,671287e8b7bd64ee7addd4d04b45f1ebd529e09e5974a66d2c6a1e99e834b2f7
reference-library/cautionary/01_template_overfit_warm_sky.webp,126064,f5efabaf747a293195bc55ee1e2862fab0bc08a7304257a17cfe61c549a35a2b
reference-library/positive/01_Garden_Mirror.webp,625130,9da9b8ed5942af6dcaab570a0789ecdf0ff06b8df7d2fc805dacc7083d4991e7
reference-library/positive/02_Dragon_Ceiling.webp,557632,671f8256faed742a2b4d53a9cc1fd39bd557a61a9976fcafde82263b6cfe4846
reference-library/positive/03_Quiet_Lane.webp,503286,51829bd697b3065ea228ea22670c0698f5c6f4cad4f2cb39d815322ae4f3abbd
reference-library/positive/04_One_Small_Boat.webp,382542,5a24cce37aed43108f9cd4788ddb87dc93f507d564f594f539413dca4a1b639f
reference-library/positive/05_Afterlight.webp,275862,6a775f436d2851b63a2fe7c9fc46039a40651437795973bc2939d39bd3c4f234
reference-library/positive/06_Lantern_Bridge.webp,238694,c0d74440c89297dbe56665d0593df4512279966cf49153d7bf011b243e9fe29c
reference-library/positive/07_Forbidden_City.webp,397720,e34a66a60d75e816512ba918a369f5223a7b5122bbe678aee8059c415c08d309
reference-library/positive/08_Campus_Pause.webp,500710,080b508ec0439d21f5709d2df0d37c46e11e058e12771485d47d02bb80af04d0
reference-library/positive/09_Up_the_Mountain.webp,474124,5f9bb5e27bf1e52ac2168a8927b8917f51f1e73aa0928218eb0bd5c0f8ecf5f1
reference-library/positive/10_Rush_Hour.webp,373826,47208323e85071f6df3bf760f41217afb5923cc2b5eff584a86701f613685b01
reference-library/positive/11_Golden_Roofs.webp,551132,12b835df14475aa296afa29c6a8cc278fd6e302abe59d78b7ee4c34edf20cc4e
reference-library/positive/12_Canal_Rhythm.webp,511842,61b689f21cf5ed2fc8f450bdd4ff4987f59a70d57bca3ce295a5fe9196c419e9
reference-library/positive/13_Way_Home.webp,435408,930280d1904d2472e4429a1459240459ee5adec9b1f32ffc8f0fc9a6e514151c
reference-library/positive/15_Wall_Walk.webp,421288,61a570d121b53a00f1a006214338d0b704dce34f3f6c5091d38bd7c84fbdfed8
reference-library/positive/16_Oil_Painted_Mountain.webp,496268,c1c18d8d0adde7036129ddbc691144463cfaec355c23b311b80d70fc05572098
reference-library/positive/17_Retro_Halftone_Travel_Poster.webp,633344,3b782b1f740b8975246926b6226863d9410df266c9e8fd308946b14e15a2f7a3
reference-library/positive/18_A_Higher_Perspective.webp,328440,02c691f88a35962a21129293ec0568e868b84cb648a4bb38034e54c9de8db314
reference-library/positive/19_High_Contrast_BW.webp,375192,753533f21a957622e97d34351955ff194374f9bdff8da72edcecbb4bd4b206f3
reference-library/positive/20_Mutianyu_Serif_Sky_Poster.webp,363248,721cea006d1d07d6441afcf7c497c7ea117639836fd98f6fbf3a186be8ab39cb
reference-library/positive/21_Along_the_Ridge.webp,317478,2c71360aba3fc90bae9dba3dcc6880c02aff40974d156b8828561038e1590949
reference-library/positive/22_Window_to_Valleys.webp,322352,3acc8023fb352fe5f7479b99d3113b36894d5f8b4903940fa0338a4e849854b8
reference-library/positive/23_River_Dusk.webp,338394,071d9d3a7c2559abc2bf9f61335343adadec266d5bbae93b64d4e1066f3e88a6
reference-library/positive/24_Evening_Signal.webp,251364,7c18b3aab3f17dda28216bbc41783350c305cce9617cdebb220856db3df167b7
reference-library/positive/25_Cloud_Notes.webp,210896,d7803592b7f16e951320e6d451ea27c96e6b93c7d74e9205a601cdd69d627294
reference-library/positive/26_Cloud_Notes_Collage_Variant.webp,242810,9bff635828961c2960c9cd236611b931d9ba6e0a4a3083fbd13c9f7837a316f9
reference-library/positive/27_Stone_Passage_Collage.webp,380208,f4c96f9df7ea250857359b6fed1a7bc08a61b777f1fcd1b1b10d73848bce718f
reference-library/positive/29_Stone_Passage_Dark_Arch.webp,411260,8e0c49e312eaa575d4c21a3f75947ff1c4177e999b4b4480941557aecceedee9
reference-library/positive/30_Evening_Crossing.webp,300606,5afdb974e13d60e70d5c45dfe0838126f9167d0b355a922bb3ebca4a9d16ed90
reference-library/positive/31_Under_the_Willow.webp,262612,5724ba9fe1e1ec95cf177d48143907faf4eabd8f468a3cebb2133b88655715b3
reference-library/positive/32_Sky_Over_Water.webp,318764,5deda6285a5d87d7a4d874be188b7314bca71c2ad1f1d9f35551af25cad893fe
reference-library/positive/33_Light_on_Water.webp,253450,0955fbe81ea6eecb097d0bc8398aeaaa1ac488b58d15a3cd1cf3f34fd1e47cf5
reference-library/positive/34_Small_Things_Tree_Detail.webp,158394,d6b346e371a118cc963b94d52977b0e63824d677f1226bc7fc9b57605bf93286
reference-library/positive/35_Red_Wall_Soft_Sky_approved.webp,252574,37080fe82f92c6fd1149bd45d4a81a048b6612140e3bb958487877e73bb29ac0
reference-library/positive/36_Beijing_City_Notes_approved.webp,205940,e8f756fc7f6eb2c00f29589e72f5844a44c70f4933a214040c915c2116adddc9
references/batch-control.md,4733,5f3dfd567983a599d7be89ab02c13c7258c1aa3d37c86f07778e7fe9a77c6311
references/copy-engine.md,2758,1deccd9eb0b928b86e31181d92450c8380c70676164f410080ce60c775233664
references/decision-counterexamples.md,5273,c5dd4ddcf8e0445fc6b118af0ab2355d3c3cf09b422689232214783dd5fbc903
references/decision-engine.md,13156,207b6543130a8d65d5dfcc9ed1347041beb49205e3bfe8d5ca074d6617dbe8a3
references/delivery-contract.md,6223,1c20ce6abb681e765c74fb2e6a9ba79985a6f3a4af555194962e712e5f928223
references/evaluation-protocol.md,2851,ff9e636ad26e3fbecf8955d7c7da520bd03f308019058c1cf635dd924f78bcc4
references/feedback-ledger.md,3905,76481c223687527205357396c4dd1304c8a0995475bd5e2c918151552ee5447a
references/feedback-loop.md,2939,b213d1746c47e75a7e67c968e08b516b19a9382fba9ab4d5aee70f05e6a9c9f5
references/image-memory-policy.md,970,8516b3d6f896f0913390cd9c7f47d3a814d99f9086480111ba477cee9dfdd710
references/layout-signatures.md,2635,aab7d23fef76b16ec142149f98376a6f28442c2f09b183ca0dd18918b9b3013b
references/preference-adaptation.md,3289,df74b50c5258cd361fdc170fd9991eeff56ea173fa8b1e7be745c6d68e9b5132
references/prompt-compiler.md,3850,510caf69b1e9279827537e4efbbdb9cc709e25786b3cb675ead3e2932fdcd3b8
references/prompt-library.md,17437,32519fe421dbf599047fdd8f389d56f61747517a66cd4a98af7311a3d3741de7
references/reference-index.md,5252,03e8bba8e843813e20a9ba6122aad4ff847b21d3035f6a1335580c51829cee1a
references/research-notes.md,3640,aa8fbf2569d8e19737c07c14724bf19cf1874d4714c9cdfe2e04140c969e75a5
references/retry-policy.md,2741,1cdf4c86eeef59b698e971a56be10efd593dc1afbc966e61d5c79fcc1c57e723
references/series-planner.md,2264,a7cab31a7d3d47dcf04eec55149d541c2a75a143eccd1670f9e7fb330ca8e6e7
references/source-selection-engine.md,3317,551e80c5455a70eec25affbcf7c01692f275f4a16416a317e313a124053d5874
references/style-affinity-matrix.md,2788,bb9bc96fc6ebf1be60fa6f71b35813cd0ba17d7c55fd112555d50b414af600ef
references/style-fit-matrix.md,5897,e62fdf5912d0b01019af383161b8663b477a4321f58c69bba4606ae0c022e061
references/style-recipes.md,17929,651858bbde1aecabf830cc47e65ff6bf1f16cdb46ae389f85210cbb6cfc851c4
references/visual-archetypes.md,4073,676b0272d9d2b3580352b337117ed3e35dc60da73dbfe0659ace24b782128407
