path,size_bytes,sha256
README.md,1328,28004f43b06bd32870dd60bce3e008b4523a945a0b1adfe185dc5b31c8e3b13b
SKILL.md,7790,4eda3aa289bf1e6917763aa225a5e4d836d379cbe8739556b28e85a192e0f36e
examples/accepted-vs-rejected.md,1276,99387da710bd7f3ce7ca959971e2e1b38b602e68659b6ef5e817e7f74ce22e9f
reference-library/cautionary/01_invented_light_and_repaint.webp,676092,30b469fa16ed2da3bfc846c632de96bbfabbe05c5b051594fa6c91bb13d4886c
reference-library/cautionary/02_overclean_empty_sample_road.webp,336166,4a84a2cd3264b7cd21b4323510b64208df4fe01a90df7652656219333b4016d5
reference-library/cautionary/03_full_scene_repaint.webp,325876,eac37bb5c2585f097f9e2671a0b2729bbd592f1b124f8f84654d8aeabbe3f46e
reference-library/positive/01_river_dusk_approved.webp,341014,cd00ba2de221a0cf3d6464604b3c9668cb2f7e9bc98f5f83b6ef38faa22b7bdc
reference-library/positive/02_bridge_realistic_approved.webp,310022,5f586011fcc59f1d3c8724ac2cdfadd7e5ea2081699b6a0e6e65b219fbf41c13
reference-library/positive/03_lake_boats_approved.webp,205166,10a246b67ba6866bb8dc7ad77aa7f621482ec3ccb98dd68893fcb315fb2c9eb9
reference-library/positive/04_summer_palace_lake_approved.webp,331652,d94b3fecf2b7aa5619214bcb9af6ff9b2be1d24ce86a75b03cf93633720dddc7
reference-library/positive/05_tree_avenue_people_semantic_approved.webp,632820,0a2d4b8fa43351cdde958bb129198379c7892b8012d34ed3fddd27999ce6869b
reference-library/positive/06_tree_bark_insect_approved.webp,141992,8a4d8cccb55084480811f6ff00a149f1facbfb1b3decc574c98160a9ed4837ef
reference-library/positive/07_red_wall_soft_sky_photo_grade_approved.webp,272036,c723d3c81b10d9e9de1420f25f206e86ca8949510654669f72fdb21f43e35642
references/feedback-ledger.md,4169,1905acd44f660284fa92063744adf52eb2bfba5a315c2c347f75003cc6f06d35
references/feedback-loop.md,3147,4852b5f5e993c2de028f00a75be625d5d2f5cb54888c1def185f08d0061a9024
references/heritage-architecture-look.md,4854,fb24e136e877b3430ef0430a60e4d47cd2ca708b03b3e0ed112893f2ae45b7db
references/image-memory-policy.md,960,63fda7ba19f82e11269d3b9b907a6b18b8ccdc559cb92de29dc174a48f97132c
references/learning-filter.md,1867,9891836382a0b88156e184c116d135a955b8c5230e8b0b8e538c8bef25267844
references/negative-patterns.md,1396,19768f97f4164ba2336b212086f900c0b44ac17a6dc3678d95ad8484711b5038
references/reference-index.md,1519,065e03226781455a13e36c5977192109f6edf0340f029ccee50fc642353f8f9b
references/research-lessons.md,2317,5f7fd2fca8ba2afd6eb1d857296a55d9ae0f14a0ed45bcc55e4f73c2e69498e4
references/workflow.md,1547,50febde59bd82b368ef161dcde85efb2726a0ef1ac1706a994932d93a01d3414
